{
  "items": [{
    "land-see-category": [{
      "media-query": "(min-width: 52.06rem)",
      "width": "848",
      "height": "460",
      "layout": "fixed",
      "story-slide": [{
        "story-post": [
          {
            "image": [
              {
                "classes": "cover",
                "alt-text": "Popular producer.",
                "width": 196, "height": 249, "layout": "responsive",
                "src": "../img/land-see/content/shoe-designer-centered.jpg"
              }
            ],
            "post-classes": "land-see-pre-animate land-see-post-item land-see-recommended",
            "post-url": "kim-myeong.amp.html",
            "post-category": "Arts & Culture",
            "post-category-url": "stories.amp.html?category=arts-culture#land-see-arts-culture",
            "post-title": "The Artist Behind Your Favorite Songs",
            "post-copy": "This Los Angeles based producer is the creative genius behind many Top-40 songs."
          },
          {
            "image": [
              {
                "classes": "cover",
                "alt-text": "Feel the sand on your feet, not your wardrobe weight.",
                "width": 196, "height": 187, "layout": "responsive",
                "src": "../img/land-see/content/travel-accessories-outfits-2-400px.jpg"
              }
            ],
            "post-classes": "land-see-pre-animate land-see-post-item land-see-recommended",
            "post-url": "kim-myeong.amp.html",
            "post-category": "Fashion",
            "post-category-url": "stories.amp.html?category=fashion#land-see-fashion",
            "post-title": "How to Pack Light When Traveling",
            "post-copy": "Whether it’s a short weekend getaway or an extended holiday, choosing carefully from your accessories can help lighten your load while expanding your repertory."
          },
          {
            "image": [
              {
                "classes": "cover",
                "alt-text": "Good eats.",
                "width": 196, "height": 249, "layout": "responsive",
                "src": "../img/land-see/content/burger-200px.jpg"
              }
            ],
            "post-classes": "land-see-pre-animate land-see-post-item land-see-recommended",
            "post-url": "kim-myeong.amp.html",
            "post-category": "Arts & Culture",
            "post-category-url": "stories.amp.html?category=arts-culture#land-see-arts-culture",
            "post-title": "Quick Bites in the Bay Area",
            "post-copy": "From Sonoma to Santa Clara, we've found the best spots for quick and delicious bites."
          },
          {
            "image": [
              {
                "classes": "cover",
                "alt-text": "Build a killer outfit.",
                "width": 196, "height": 187, "layout": "responsive",
                "src": "../img/land-see/content/retail-shop-370px.jpg"
              }
            ],
            "post-classes": "land-see-pre-animate land-see-post-item land-see-recommended",
            "post-url": "kim-myeong.amp.html",
            "post-category": "Fashion",
            "post-category-url": "stories.amp.html?category=fashion#land-see-fashion",
            "post-title": "New Textile & Basics Shop Opens in Soho",
            "post-copy": "Everyone’s wardrobe needs the well-fitting, structured, and neutral basics to provide the start for the building of a killer outfit."
          }
        ]
      }]
    },
    {
      "media-query": "(min-width: 40.06rem) and (max-width: 52rem)",
      "width": "636",
      "height": "460",
      "layout": "fixed",
      "story-slide": [{
        "story-post": [
          {
            "image": [
              {
                "classes": "cover",
                "alt-text": "Popular producer.",
                "width": 196, "height": 249, "layout": "responsive",
                "src": "../img/land-see/content/shoe-designer-centered.jpg"
              }
            ],
            "post-classes": "land-see-pre-animate land-see-post-item land-see-recommended",
            "post-url": "kim-myeong.amp.html",
            "post-category": "Arts & Culture",
            "post-category-url": "stories.amp.html?category=arts-culture#land-see-arts-culture",
            "post-title": "The Artist Behind Your Favorite Songs",
            "post-copy": "This Los Angeles based producer is the creative genius behind many Top-40 songs."
          },
          {
            "image": [
              {
                "classes": "cover",
                "alt-text": "Feel the sand on your feet, not your wardrobe weight.",
                "width": 196, "height": 187, "layout": "responsive",
                "src": "../img/land-see/content/travel-accessories-outfits-2-400px.jpg"
              }
            ],
            "post-classes": "land-see-pre-animate land-see-post-item land-see-recommended",
            "post-url": "kim-myeong.amp.html",
            "post-category": "Fashion",
            "post-category-url": "stories.amp.html?category=fashion#land-see-fashion",
            "post-title": "How to Pack Light When Traveling",
            "post-copy": "Whether it’s a short weekend getaway or an extended holiday, choosing carefully from your accessories can help lighten your load while expanding your repertory."
          },
          {
            "image": [
              {
                "classes": "cover",
                "alt-text": "Good eats.",
                "width": 196, "height": 249, "layout": "responsive",
                "src": "../img/land-see/content/burger-200px.jpg"
              }
            ],
            "post-classes": "land-see-pre-animate land-see-post-item land-see-recommended",
            "post-url": "kim-myeong.amp.html",
            "post-category": "Arts & Culture",
            "post-category-url": "stories.amp.html?category=arts-culture#land-see-arts-culture",
            "post-title": "Quick Bites in the Bay Area",
            "post-copy": "From Sonoma to Santa Clara, we've found the best spots for quick and delicious bites."
          }
        ]
      },
      {
        "story-post": [
          {
            "image": [
              {
                "classes": "cover",
                "alt-text": "Build a killer outfit.",
                "width": 196, "height": 187, "layout": "responsive",
                "src": "../img/land-see/content/retail-shop-370px.jpg"
              }
            ],
            "post-classes": "land-see-pre-animate land-see-post-item land-see-recommended",
            "post-url": "kim-myeong.amp.html",
            "post-category": "Fashion",
            "post-category-url": "stories.amp.html?category=fashion#land-see-fashion",
            "post-title": "New Textile & Basics Shop Opens in Soho",
            "post-copy": "Everyone’s wardrobe needs the well-fitting, structured, and neutral basics to provide the start for the building of a killer outfit."
          }
        ]
      }]
    },
    {
      "media-query": "(min-width: 27.06rem) and (max-width: 40rem)",
      "width": "424",
      "height": "460",
      "layout": "fixed",
      "story-slide": [{
        "story-post": [
          {
            "image": [
              {
                "classes": "cover",
                "alt-text": "Popular producer.",
                "width": 196, "height": 249, "layout": "responsive",
                "src": "../img/land-see/content/shoe-designer-centered.jpg"
              }
            ],
            "post-classes": "land-see-pre-animate land-see-post-item land-see-recommended",
            "post-url": "kim-myeong.amp.html",
            "post-category": "Arts & Culture",
            "post-category-url": "stories.amp.html?category=arts-culture#land-see-arts-culture",
            "post-title": "The Artist Behind Your Favorite Songs",
            "post-copy": "This Los Angeles based producer is the creative genius behind many Top-40 songs."
          },
          {
            "image": [
              {
                "classes": "cover",
                "alt-text": "Feel the sand on your feet, not your wardrobe weight.",
                "width": 196, "height": 187, "layout": "responsive",
                "src": "../img/land-see/content/travel-accessories-outfits-2-400px.jpg"
              }
            ],
            "post-classes": "land-see-pre-animate land-see-post-item land-see-recommended",
            "post-url": "kim-myeong.amp.html",
            "post-category": "Fashion",
            "post-category-url": "stories.amp.html?category=fashion#land-see-fashion",
            "post-title": "How to Pack Light When Traveling",
            "post-copy": "Whether it’s a short weekend getaway or an extended holiday, choosing carefully from your accessories can help lighten your load while expanding your repertory."
          }
        ]
      },
      {
        "story-post": [
          {
            "image": [
              {
                "classes": "cover",
                "alt-text": "Good eats.",
                "width": 196, "height": 249, "layout": "responsive",
                "src": "../img/land-see/content/burger-200px.jpg"
              }
            ],
            "post-classes": "land-see-pre-animate land-see-post-item land-see-recommended",
            "post-url": "kim-myeong.amp.html",
            "post-category": "Arts & Culture",
            "post-category-url": "stories.amp.html?category=arts-culture#land-see-arts-culture",
            "post-title": "Quick Bites in the Bay Area",
            "post-copy": "From Sonoma to Santa Clara, we've found the best spots for quick and delicious bites."
          },
          {
            "image": [
              {
                "classes": "cover",
                "alt-text": "Build a killer outfit.",
                "width": 196, "height": 187, "layout": "responsive",
                "src": "../img/land-see/content/retail-shop-370px.jpg"
              }
            ],
            "post-classes": "land-see-pre-animate land-see-post-item land-see-recommended",
            "post-url": "kim-myeong.amp.html",
            "post-category": "Fashion",
            "post-category-url": "stories.amp.html?category=fashion#land-see-fashion",
            "post-title": "New Textile & Basics Shop Opens in Soho",
            "post-copy": "Everyone’s wardrobe needs the well-fitting, structured, and neutral basics to provide the start for the building of a killer outfit."
          }
        ]
      }]
    },
    {
      "media-query": "(max-width: 27rem)",
      "width": "auto",
      "height": "460",
      "layout": "fixed-height",
      "story-slide": [{
        "story-post": [
          {
            "image": [
              {
                "classes": "cover",
                "alt-text": "Popular producer.",
                "width": 196, "height": 249, "layout": "responsive",
                "src": "../img/land-see/content/shoe-designer-centered.jpg"
              }
            ],
            "post-classes": "land-see-pre-animate land-see-post-item land-see-recommended",
            "post-url": "kim-myeong.amp.html",
            "post-category": "Arts & Culture",
            "post-category-url": "stories.amp.html?category=arts-culture#land-see-arts-culture",
            "post-title": "The Artist Behind Your Favorite Songs",
            "post-copy": "This Los Angeles based producer is the creative genius behind many Top-40 songs."
          },
          {
            "image": [
              {
                "classes": "cover",
                "alt-text": "Feel the sand on your feet, not your wardrobe weight.",
                "width": 196, "height": 187, "layout": "responsive",
                "src": "../img/land-see/content/travel-accessories-outfits-2-400px.jpg"
              }
            ],
            "post-classes": "land-see-pre-animate land-see-post-item land-see-recommended",
            "post-url": "kim-myeong.amp.html",
            "post-category": "Fashion",
            "post-category-url": "stories.amp.html?category=fashion#land-see-fashion",
            "post-title": "How to Pack Light When Traveling",
            "post-copy": "Whether it’s a short weekend getaway or an extended holiday, choosing carefully from your accessories can help lighten your load while expanding your repertory."
          }
        ]
      },
      {
        "story-post": [
          {
            "image": [
              {
                "classes": "cover",
                "alt-text": "Good eats.",
                "width": 196, "height": 249, "layout": "responsive",
                "src": "../img/land-see/content/burger-200px.jpg"
              }
            ],
            "post-classes": "land-see-pre-animate land-see-post-item land-see-recommended",
            "post-url": "kim-myeong.amp.html",
            "post-category": "Arts & Culture",
            "post-category-url": "stories.amp.html?category=arts-culture#land-see-arts-culture",
            "post-title": "Quick Bites in the Bay Area",
            "post-copy": "From Sonoma to Santa Clara, we've found the best spots for quick and delicious bites."
          },
          {
            "image": [
              {
                "classes": "cover",
                "alt-text": "Build a killer outfit.",
                "width": 196, "height": 187, "layout": "responsive",
                "src": "../img/land-see/content/retail-shop-370px.jpg"
              }
            ],
            "post-classes": "land-see-pre-animate land-see-post-item land-see-recommended",
            "post-url": "kim-myeong.amp.html",
            "post-category": "Fashion",
            "post-category-url": "stories.amp.html?category=fashion#land-see-fashion",
            "post-title": "New Textile & Basics Shop Opens in Soho",
            "post-copy": "Everyone’s wardrobe needs the well-fitting, structured, and neutral basics to provide the start for the building of a killer outfit."
          }
        ]
      }]
    }]
  }]
}
